
USE PlantDB;

-- --- PLANT rows with explicit Plant_ID (1..50) ---
INSERT INTO Plant (Plant_ID, Name, Type, Height, DateAcquired, location_name) VALUES
(1, 'Oliver', 'Snake Plant', 45.0, '2023-01-10', 'Living Room'),
(2, 'Luna', 'Pothos', 30.5, '2023-01-15', 'Kitchen'),
(3, 'Charlie', 'Spider Plant', 28.0, '2023-02-01', 'Bathroom'),
(4, 'Bella', 'Peace Lily', 40.0, '2023-02-10', 'Bedroom'),
(5, 'Max', 'Aloe Vera', 22.0, '2023-02-18', 'Window Sill'),
(6, 'Daisy', 'Fiddle Leaf Fig', 120.0, '2023-03-01', 'Living Room'),
(7, 'Milo', 'ZZ Plant', 55.0, '2023-03-05', 'Office'),
(8, 'Ruby', 'Rubber Plant', 90.0, '2023-03-12', 'Hallway'),
(9, 'Oscar', 'Monstera', 110.0, '2023-03-20', 'Living Room'),
(10, 'Lucy', 'Jade Plant', 35.0, '2023-03-25', 'Kitchen'),
(11, 'Leo', 'Cactus', 18.0, '2023-04-01', 'Window Sill'),
(12, 'Molly', 'Fern', 42.0, '2023-04-05', 'Bathroom'),
(13, 'Rocky', 'Succulent', 12.0, '2023-04-10', 'Desk'),
(14, 'Willow', 'Calathea', 50.0, '2023-04-15', 'Bedroom'),
(15, 'Toby', 'Bamboo Palm', 130.0, '2023-04-20', 'Living Room'),
(16, 'Zoe', 'Orchid', 38.0, '2023-04-25', 'Dining Room'),
(17, 'Buddy', 'Philodendron', 60.0, '2023-05-01', 'Office'),
(18, 'Cleo', 'Chinese Evergreen', 55.0, '2023-05-05', 'Hallway'),
(19, 'Finn', 'Dracaena', 95.0, '2023-05-10', 'Living Room'),
(20, 'Nala', 'Croton', 65.0, '2023-05-15', 'Kitchen'),
(21, 'Simba', 'Palm', 150.0, '2023-05-20', 'Living Room'),
(22, 'Penny', 'Begonia', 30.0, '2023-05-25', 'Bedroom'),
(23, 'Henry', 'Yucca', 140.0, '2023-06-01', 'Hallway'),
(24, 'Rosie', 'African Violet', 20.0, '2023-06-05', 'Window Sill'),
(25, 'Jack', 'Dieffenbachia', 85.0, '2023-06-10', 'Office'),
(26, 'Ellie', 'Prayer Plant', 45.0, '2023-06-15', 'Bedroom'),
(27, 'Louie', 'Parlor Palm', 70.0, '2023-06-20', 'Living Room'),
(28, 'Hazel', 'Anthurium', 48.0, '2023-06-25', 'Dining Room'),
(29, 'Archie', 'Schefflera', 100.0, '2023-07-01', 'Office'),
(30, 'Millie', 'Peperomia', 25.0, '2023-07-05', 'Desk'),
(31, 'Otis', 'Money Tree', 110.0, '2023-07-10', 'Living Room'),
(32, 'Ivy', 'English Ivy', 35.0, '2023-07-15', 'Bathroom'),
(33, 'George', 'Boston Fern', 50.0, '2023-07-20', 'Bathroom'),
(34, 'Lily', 'Snake Plant', 48.0, '2023-07-25', 'Bedroom'),
(35, 'Bear', 'Aloe Vera', 24.0, '2023-08-01', 'Kitchen'),
(36, 'Chloe', 'Pilea', 28.0, '2023-08-05', 'Desk'),
(37, 'Sam', 'Monstera', 105.0, '2023-08-10', 'Living Room'),
(38, 'Maggie', 'Rubber Plant', 88.0, '2023-08-15', 'Hallway'),
(39, 'Dexter', 'ZZ Plant', 60.0, '2023-08-20', 'Office'),
(40, 'Sophie', 'Peace Lily', 42.0, '2023-08-25', 'Bedroom'),
(41, 'Bruno', 'Cactus', 20.0, '2023-09-01', 'Window Sill'),
(42, 'Annie', 'Succulent', 14.0, '2023-09-05', 'Desk'),
(43, 'Theo', 'Dracaena', 92.0, '2023-09-10', 'Living Room'),
(44, 'Mia', 'Orchid', 36.0, '2023-09-15', 'Dining Room'),
(45, 'Rex', 'Jade Plant', 40.0, '2023-09-20', 'Kitchen'),
(46, 'Lola', 'Philodendron', 58.0, '2023-09-25', 'Office'),
(47, 'Finn2', 'Peperomia', 26.0, '2023-10-01', 'Desk'),
(48, 'Ginger', 'Calathea', 52.0, '2023-10-05', 'Bedroom'),
(49, 'Poppy', 'Succulent', 15.0, '2023-10-10', 'Desk'),
(50, 'Maple', 'Monstera', 108.0, '2023-10-15', 'Living Room');

-- --- CARE rows for each Plant_ID 1..50 (one row each) ---
INSERT INTO Care (Plant_ID, LastSoilChange, LastWatering) VALUES
(1, '2023-09-01','2026-01-21'),
(2, '2023-09-02','2026-01-21'),
(3, '2023-09-03','2026-01-21'),
(4, '2023-09-04','2026-01-21'),
(5, '2023-09-05','2026-01-21'),
(6, '2023-09-06','2026-01-21'),
(7, '2023-09-07','2026-01-21'),
(8, '2023-09-08','2026-01-21'),
(9, '2023-09-09','2026-01-21'),
(10, '2023-09-10','2026-01-21'),
(11, '2023-09-11','2026-01-21'),
(12, '2023-09-12','2026-01-21'),
(13, '2023-09-13','2026-01-21'),
(14, '2023-09-14','2026-01-21'),
(15, '2023-09-15','2026-01-21'),
(16, '2023-09-16','2026-01-21'),
(17, '2023-09-17','2026-01-21'),
(18, '2023-09-18','2026-01-21'),
(19, '2023-09-19','2026-01-21'),
(20, '2023-09-20','2026-01-21'),
(21, '2023-09-21','2026-01-21'),
(22, '2023-09-22','2026-01-21'),
(23, '2023-09-23','2026-01-21'),
(24, '2023-09-24','2026-01-21'),
(25, '2023-09-25','2026-01-21'),
(26, '2023-09-26','2026-01-21'),
(27, '2023-09-27','2026-01-21'),
(28, '2023-09-28','2026-01-21'),
(29, '2023-09-29','2026-01-21'),
(30, '2023-09-30','2026-01-21'),
(31, '2023-10-01','2026-01-21'),
(32, '2023-10-02','2026-01-21'),
(33, '2023-10-03','2026-01-21'),
(34, '2023-10-04','2026-01-21'),
(35, '2023-10-05','2026-01-21'),
(36, '2023-10-06','2026-01-21'),
(37, '2023-10-07','2026-01-21'),
(38, '2023-10-08','2026-01-21'),
(39, '2023-10-09','2026-01-21'),
(40, '2023-10-10','2026-01-21'),
(41, '2023-10-11','2026-01-21'),
(42, '2023-10-12','2026-01-21'),
(43, '2023-10-13','2026-01-21'),
(44, '2023-10-14','2026-01-21'),
(45, '2023-10-15','2026-01-21'),
(46, '2023-10-16','2026-01-21'),
(47, '2023-10-17','2026-01-21'),
(48, '2023-10-18','2026-01-21'),
(49, '2023-10-19','2026-01-21'),
(50, '2023-10-20','2026-01-21');

-- --- INFORMATION rows for each Plant_ID 1..50 ---
INSERT INTO Information (Plant_ID, FromAnotherPlant, SoilType, PotSize, WaterGlobeRequired) VALUES
(1, FALSE, 'All-purpose potting soil', '8 inch', FALSE),
(2, FALSE, 'All-purpose potting soil', '6 inch', FALSE),
(3, TRUE,  'Peat-based mix', '6 inch', FALSE),
(4, FALSE, 'Moisture-retentive mix', '8 inch', TRUE),
(5, TRUE,  'Cactus & succulent mix', '4 inch', FALSE),
(6, FALSE, 'Indoor tree mix', '12 inch', TRUE),
(7, FALSE, 'All-purpose potting soil', '8 inch', FALSE),
(8, FALSE, 'Indoor tree mix', '10 inch', FALSE),
(9, TRUE,  'Aroid mix', '12 inch', TRUE),
(10, FALSE,'Succulent mix', '6 inch', FALSE),
(11, FALSE,'Cactus & succulent mix', '3 inch', FALSE),
(12, TRUE, 'Fern mix', '8 inch', TRUE),
(13, FALSE,'Succulent mix', '3 inch', FALSE),
(14, FALSE,'Moisture-retentive mix', '6 inch', TRUE),
(15, FALSE,'Palm/large plant mix', '14 inch', TRUE),
(16, FALSE,'Orchid bark mix', '4 inch', TRUE),
(17, TRUE, 'All-purpose potting soil', '8 inch', FALSE),
(18, FALSE,'All-purpose potting soil', '8 inch', FALSE),
(19, FALSE,'Indoor tree mix', '12 inch', TRUE),
(20, FALSE,'Well-draining mix', '8 inch', FALSE),
(21, FALSE,'Palm/large plant mix', '16 inch', TRUE),
(22, TRUE, 'Begonia mix', '6 inch', FALSE),
(23, FALSE,'Sandy well-draining mix', '14 inch', TRUE),
(24, FALSE,'African violet mix', '3 inch', FALSE),
(25, TRUE, 'All-purpose potting soil', '10 inch', FALSE),
(26, FALSE,'Moisture-retentive mix', '6 inch', TRUE),
(27, FALSE,'Palm/large plant mix', '10 inch', TRUE),
(28, FALSE,'Aroid mix', '8 inch', TRUE),
(29, TRUE, 'All-purpose potting soil', '12 inch', FALSE),
(30, FALSE,'Succulent mix', '4 inch', FALSE),
(31, FALSE,'Money tree mix', '12 inch', TRUE),
(32, TRUE, 'Ivy mix', '6 inch', FALSE),
(33, FALSE,'Fern mix', '8 inch', TRUE),
(34, FALSE,'All-purpose potting soil', '8 inch', FALSE),
(35, TRUE, 'Cactus & succulent mix', '4 inch', FALSE),
(36, FALSE,'Peat-based mix', '6 inch', FALSE),
(37, FALSE,'Aroid mix', '12 inch', TRUE),
(38, FALSE,'Indoor tree mix', '10 inch', FALSE),
(39, TRUE, 'All-purpose potting soil', '8 inch', FALSE),
(40, FALSE,'Moisture-retentive mix', '8 inch', TRUE),
(41, FALSE,'Cactus & succulent mix', '3 inch', FALSE),
(42, TRUE, 'Succulent mix', '3 inch', FALSE),
(43, FALSE,'Indoor tree mix', '12 inch', TRUE),
(44, FALSE,'Orchid bark mix', '4 inch', TRUE),
(45, TRUE, 'Succulent mix', '6 inch', FALSE),
(46, FALSE,'All-purpose potting soil', '8 inch', FALSE),
(47, FALSE,'Succulent mix', '4 inch', FALSE),
(48, FALSE,'Moisture-retentive mix', '8 inch', TRUE),
(49, TRUE, 'Succulent mix', '3 inch', FALSE),
(50, FALSE,'Aroid mix', '12 inch', TRUE);

-- --- LOCATPlant_IDION rows for each Plant_ID 1..50 (using the Plant.location_name value) ---
INSERT INTO Location (Plant_ID, location_name, LightLevel) VALUES
(1, 'Living Room', 'Bright'),
(2, 'Kitchen', 'Medium'),
(3, 'Bathroom', 'Low'),
(4, 'Bedroom', 'Low'),
(5, 'Window Sill', 'Bright'),
(6, 'Living Room', 'Bright'),
(7, 'Office', 'Medium'),
(8, 'Hallway', 'Low'),
(9, 'Living Room', 'Bright'),
(10, 'Kitchen', 'Medium'),
(11, 'Window Sill', 'Bright'),
(12, 'Bathroom', 'Low'),
(13, 'Desk', 'Low'),
(14, 'Bedroom', 'Low'),
(15, 'Living Room', 'Bright'),
(16, 'Dining Room', 'Medium'),
(17, 'Office', 'Medium'),
(18, 'Hallway', 'Low'),
(19, 'Living Room', 'Bright'),
(20, 'Kitchen', 'Medium'),
(21, 'Living Room', 'Bright'),
(22, 'Bedroom', 'Low'),
(23, 'Hallway', 'Low'),
(24, 'Window Sill', 'Bright'),
(25, 'Office', 'Medium'),
(26, 'Bedroom', 'Low'),
(27, 'Living Room', 'Bright'),
(28, 'Dining Room', 'Medium'),
(29, 'Office', 'Medium'),
(30, 'Desk', 'Low'),
(31, 'Living Room', 'Bright'),
(32, 'Bathroom', 'Low'),
(33, 'Bathroom', 'Low'),
(34, 'Bedroom', 'Low'),
(35, 'Kitchen', 'Medium'),
(36, 'Desk', 'Low'),
(37, 'Living Room', 'Bright'),
(38, 'Hallway', 'Low'),
(39, 'Office', 'Medium'),
(40, 'Bedroom', 'Low'),
(41, 'Window Sill', 'Bright'),
(42, 'Desk', 'Low'),
(43, 'Living Room', 'Bright'),
(44, 'Dining Room', 'Medium'),
(45, 'Kitchen', 'Medium'),
(46, 'Office', 'Medium'),
(47, 'Desk', 'Low'),
(48, 'Bedroom', 'Low'),
(49, 'Desk', 'Low'),
(50, 'Living Room', 'Bright');
